{
  "name": "0_First0",
  "objective_weights": {
    "0": 0.5785729309686796,
    "1": 0.2980072148800299,
    "2": 0.12341985415129056
  },
  "reserved_value": 0.16259966848116003,
  "value_weights": {
    "0": {
      "0": 1.0,
      "1": 0.6025344702323722,
      "2": 0.8149423671818384,
      "3": 0.42761377040655046,
      "4": 0.28428130241469074,
      "5": 0.0,
      "6": 0.11700377563036062,
      "7": 0.42761377040655046,
      "8": 0.0
    },
    "1": {
      "0": 0.3625713153464691,
      "1": 0.8641794799782663,
      "2": 0.0,
      "3": 0.689345654227017,
      "4": 0.0,
      "5": 0.5984601435327567,
      "6": 0.2589734793951423,
      "7": 1.0,
      "8": 0.42913560098113196
    },
    "2": {
      "0": 0.7280774715416145,
      "1": 0.7114670507312372,
      "10": 0.10012234521024456,
      "2": 0.23769726809452876,
      "3": 0.8731420814757417,
      "4": 0.016929576492837405,
      "5": 0.35635688523536463,
      "6": 0.9388718110870595,
      "7": 0.1553020005871063,
      "8": 0.6053112897438542,
      "9": 0.3151124040158242
    }
  }
}