{
  "name": "1_Second1",
  "objective_weights": {
    "0": 0.5785729309686796,
    "1": 0.2980072148800299,
    "2": 0.12341985415129056
  },
  "reserved_value": 0.5496276435590205,
  "value_weights": {
    "0": {
      "0": 0.0,
      "1": 0.2595237283225832,
      "2": 0.08758376138938861,
      "3": 0.40111855495531584,
      "4": 0.6148262189811325,
      "5": 1.0,
      "6": 0.8642357909639817,
      "7": 0.40111855495531584,
      "8": 1.0
    },
    "1": {
      "0": 0.6410308519138892,
      "1": 0.08959139066733099,
      "2": 1.0,
      "3": 0.2817937459673349,
      "4": 1.0,
      "5": 0.3817081026029571,
      "6": 0.7549204152650828,
      "7": 0.0,
      "8": 0.5678538655791782
    },
    "2": {
      "0": 0.5082123133389376,
      "1": 0.5097144737752969,
      "10": 0.6223613992348506,
      "2": 0.57623978308376,
      "3": 0.4962333335461235,
      "4": 0.6999826185706924,
      "5": 0.5527475546868019,
      "6": 0.49137151895596937,
      "7": 0.5996219841278672,
      "8": 0.5201110304180724,
      "9": 0.5600142042950375
    }
  }
}