{
  "distribution": null,
  "kalai": {
    "outcome": [
      "341_623"
    ],
    "utility": [
      [
        0.6661102618233916,
        0.15241204660903143
      ]
    ]
  },
  "load_path": null,
  "name": "0000965S4011",
  "nash": {
    "outcome": [
      "756_208"
    ],
    "utility": [
      [
        0.6377901003295535,
        0.3521317897102503
      ]
    ]
  },
  "opposition": 0.7169920388159052,
  "pareto_front": [
    {
      "outcome": [
        "756_208"
      ],
      "utility": [
        0.6377901003295535,
        0.3521317897102503
      ]
    },
    {
      "outcome": [
        "333_631"
      ],
      "utility": [
        0.5321989360801433,
        0.4566403140452554
      ]
    },
    {
      "outcome": [
        "341_623"
      ],
      "utility": [
        0.6661102618233916,
        0.15241204660903143
      ]
    }
  ],
  "size": 965,
  "social_welfare": {
    "outcome": [
      "756_208"
    ],
    "utility": [
      [
        0.6377901003295535,
        0.3521317897102503
      ]
    ]
  },
  "src_path": "environment/scenarios/training_src/anac2024/0000965S4011"
}