{
  "distribution": null,
  "kalai": {
    "outcome": [
      "855_120"
    ],
    "utility": [
      [
        0.4535525515555628,
        0.5816938750877811
      ]
    ]
  },
  "load_path": null,
  "name": "0000976S0243",
  "nash": {
    "outcome": [
      "855_120"
    ],
    "utility": [
      [
        0.4535525515555628,
        0.5816938750877811
      ]
    ]
  },
  "opposition": 0.6881749981294822,
  "pareto_front": [
    {
      "outcome": [
        "855_120"
      ],
      "utility": [
        0.4535525515555628,
        0.5816938750877811
      ]
    },
    {
      "outcome": [
        "912_63"
      ],
      "utility": [
        0.21377982169972146,
        0.6933368083493836
      ]
    }
  ],
  "size": 976,
  "social_welfare": {
    "outcome": [
      "855_120"
    ],
    "utility": [
      [
        0.4535525515555628,
        0.5816938750877811
      ]
    ]
  },
  "src_path": "environment/scenarios/training_src/anac2024/0000976S0243"
}