{
  "distribution": null,
  "kalai": {
    "outcome": [
      "209_804"
    ],
    "utility": [
      [
        1.0,
        0.6541767237639831
      ]
    ]
  },
  "load_path": null,
  "name": "0001014S0306",
  "nash": {
    "outcome": [
      "209_804"
    ],
    "utility": [
      [
        1.0,
        0.6541767237639831
      ]
    ]
  },
  "opposition": 0.3454593480744255,
  "pareto_front": [
    {
      "outcome": [
        "209_804"
      ],
      "utility": [
        1.0,
        0.6541767237639831
      ]
    },
    {
      "outcome": [
        "363_650"
      ],
      "utility": [
        0.9963243345274702,
        0.6545602069023588
      ]
    }
  ],
  "size": 1014,
  "social_welfare": {
    "outcome": [
      "209_804"
    ],
    "utility": [
      [
        1.0,
        0.6541767237639831
      ]
    ]
  },
  "src_path": "environment/scenarios/training_src/anac2024/0001014S0306"
}