{
  "name": "deal",
  "objective_weights": {
    "0": 0.16,
    "1": 0.16,
    "2": 0.17,
    "3": 0.17,
    "4": 0.17,
    "5": 0.17
  },
  "reserved_value": 0.0,
  "value_weights": {
    "0": {
      "0": 1.0,
      "1": 0.98,
      "2": 0.92,
      "3": 0.75,
      "4": 0.0
    },
    "1": {
      "0": 1.0,
      "1": 0.99,
      "2": 0.93,
      "3": 0.8,
      "4": 0.0
    },
    "2": {
      "0": 1.0,
      "1": 0.99,
      "2": 0.96,
      "3": 0.8300000000000001,
      "4": 0.0
    },
    "3": {
      "0": 1.0,
      "1": 0.99,
      "2": 0.93,
      "3": 0.85,
      "4": 0.0
    },
    "4": {
      "0": 1.0,
      "1": 0.99,
      "2": 0.9500000000000001,
      "3": 0.8,
      "4": 0.0
    },
    "5": {
      "0": 1.0,
      "1": 0.99,
      "2": 0.9500000000000001,
      "3": 0.8,
      "4": 0.0
    }
  }
}