{
  "distribution": null,
  "kalai": {
    "outcome": [
      "1011_53"
    ],
    "utility": [
      [
        0.49759757437667473,
        0.6124321281463639
      ]
    ]
  },
  "load_path": null,
  "name": "0001065S2451",
  "nash": {
    "outcome": [
      "537_527"
    ],
    "utility": [
      [
        0.5962267028579595,
        0.606427020241195
      ]
    ]
  },
  "opposition": 0.5638550929815028,
  "pareto_front": [
    {
      "outcome": [
        "537_527"
      ],
      "utility": [
        0.5962267028579595,
        0.606427020241195
      ]
    },
    {
      "outcome": [
        "464_600"
      ],
      "utility": [
        0.621984822295527,
        0.5400020005550962
      ]
    },
    {
      "outcome": [
        "966_98"
      ],
      "utility": [
        0.622423800001431,
        0.5388699651661342
      ]
    },
    {
      "outcome": [
        "1011_53"
      ],
      "utility": [
        0.49759757437667473,
        0.6124321281463639
      ]
    }
  ],
  "size": 1065,
  "social_welfare": {
    "outcome": [
      "537_527"
    ],
    "utility": [
      [
        0.5962267028579595,
        0.606427020241195
      ]
    ]
  },
  "src_path": "environment/scenarios/training_src/anac2024/0001065S2451"
}