{
  "name": "buyer",
  "objective_weights": {
    "0": 0.8469095568306761,
    "1": 0.1530904431693238,
    "2": 0.0
  },
  "reserved_value": 0.0522363596705984,
  "value_weights": {
    "0": {
      "0": 1.0,
      "1": 0.75,
      "10": 0.0,
      "11": 0.0,
      "12": 0.0,
      "13": 0.0,
      "14": 0.0,
      "15": 0.0,
      "16": 0.0,
      "17": 0.0,
      "18": 0.0,
      "19": 0.0,
      "2": 0.5,
      "3": 0.25,
      "4": 0.0,
      "5": 0.0,
      "6": 0.0,
      "7": 0.0,
      "8": 0.0,
      "9": 0.0
    },
    "1": {
      "0": 0.0,
      "1": 1.0,
      "10": 0.5,
      "11": 0.4375,
      "12": 0.375,
      "13": 0.3125,
      "14": 0.25,
      "15": 0.1875,
      "16": 0.125,
      "17": 0.0,
      "18": 0.0,
      "19": 0.0,
      "2": 1.0,
      "3": 0.9375,
      "4": 0.875,
      "5": 0.8125,
      "6": 0.75,
      "7": 0.6875,
      "8": 0.625,
      "9": 0.5625
    },
    "2": {
      "0": 0.0,
      "1": 0.0,
      "10": 0.0,
      "11": 0.0,
      "12": 0.0,
      "13": 0.0,
      "14": 0.0,
      "15": 0.0,
      "16": 0.0,
      "17": 0.0,
      "18": 0.0,
      "19": 0.0,
      "2": 0.0,
      "3": 0.0,
      "4": 0.0,
      "5": 0.0,
      "6": 0.0,
      "7": 0.0,
      "8": 0.0,
      "9": 0.0
    }
  }
}