{
  "objective_weights": {
    "0": 0.23398,
    "1": 0.34842,
    "2": 0.24245,
    "3": 0.17515
  },
  "value_weights": {
    "0": {
      "0": 0.04691,
      "1": 0.10266,
      "2": 0.0252,
      "3": 0.0,
      "4": 1.0,
      "5": 0.10196,
      "6": 0.42784,
      "7": 0.35317,
      "8": 0.02687
    },
    "1": {
      "0": 0.0,
      "1": 0.01154,
      "2": 1.0,
      "3": 0.1853
    },
    "2": {
      "0": 0.0,
      "1": 0.30032,
      "2": 1.0
    },
    "3": {
      "0": 0.65933,
      "1": 0.0,
      "2": 1.0,
      "3": 0.11539
    }
  }
}