{
  "objective_weights": {
    "0": 0.30652,
    "1": 0.37301,
    "2": 0.08201,
    "3": 0.23846
  },
  "value_weights": {
    "0": {
      "0": 0.0,
      "1": 0.3674,
      "2": 0.2731,
      "3": 0.1122,
      "4": 0.18328,
      "5": 0.07993,
      "6": 0.07915,
      "7": 0.21574,
      "8": 1.0
    },
    "1": {
      "0": 1.0,
      "1": 0.72306,
      "2": 0.0,
      "3": 0.03134
    },
    "2": {
      "0": 0.73335,
      "1": 1.0,
      "2": 0.0
    },
    "3": {
      "0": 1.0,
      "1": 0.41602,
      "2": 0.0,
      "3": 0.03447
    }
  }
}