{
  "name": "1_Second1",
  "objective_weights": {
    "0": 0.6882757470903179,
    "1": 0.2552584532014281,
    "2": 0.05646579970825409
  },
  "reserved_value": 0.33846669554520836,
  "value_weights": {
    "0": {
      "0": 1.0,
      "1": 0.0,
      "2": 0.0,
      "3": 0.7087069193395029,
      "4": 0.6073092448997913,
      "5": 1.0,
      "6": 0.9854823687209724,
      "7": 0.38660891538778336,
      "8": 0.3265827489650983,
      "9": 0.1348451249530347
    },
    "1": {
      "0": 0.7605999081148938,
      "1": 0.7480181605102746,
      "2": 0.783949834082879,
      "3": 0.7607011172507705,
      "4": 0.8149873904546794,
      "5": 0.4693556708036751,
      "6": 0.6681527584831536,
      "7": 0.5262464107988184,
      "8": 0.9366952478000257,
      "9": 0.6100818955060286
    },
    "2": {
      "0": 0.4697644788737267,
      "1": 0.5646335396302292,
      "10": 0.7931655489629466,
      "2": 0.00919484102768871,
      "3": 0.5646335396302292,
      "4": 0.0,
      "5": 0.17926025929882555,
      "6": 0.17926025929882555,
      "7": 0.30771801940929333,
      "8": 1.0,
      "9": 1.0
    }
  }
}