{
  "name": "0_First0",
  "objective_weights": {
    "0": 0.6882757470903179,
    "1": 0.2552584532014281,
    "2": 0.05646579970825409
  },
  "reserved_value": 0.37284864797520656,
  "value_weights": {
    "0": {
      "0": 0.0,
      "1": 1.0,
      "2": 0.8965439693252543,
      "3": 0.2619381426610027,
      "4": 0.35109225048652754,
      "5": 0.0,
      "6": 0.01858277584452715,
      "7": 0.5451434561297243,
      "8": 0.5979215828784089,
      "9": 0.7665072718484771
    },
    "1": {
      "0": 0.28084469047107824,
      "1": 0.3030251967293972,
      "2": 0.24121450513668916,
      "3": 0.2806685821658307,
      "4": 0.19175385850660084,
      "5": 0.9226372819016478,
      "6": 0.4565021969769352,
      "7": 0.7779589469039169,
      "8": 0.038685896044138766,
      "9": 0.580917753616076
    },
    "2": {
      "0": 0.40270083716320787,
      "1": 0.3463626503590436,
      "10": 0.16655157420927752,
      "2": 0.800866629548522,
      "3": 0.3463626503590436,
      "4": 1.0,
      "5": 0.5752173653052549,
      "6": 0.5752173653052549,
      "7": 0.4989324603231846,
      "8": 0.0,
      "9": 0.0
    }
  }
}