{
  "name": "buyer",
  "objective_weights": {
    "0": 0.5326531635631572,
    "1": 0.4673468364368429,
    "2": 0.0
  },
  "reserved_value": 0.09211397524644255,
  "value_weights": {
    "0": {
      "0": 1.0,
      "1": 0.7999999999999999,
      "10": 0.0,
      "11": 0.0,
      "12": 0.0,
      "13": 0.0,
      "14": 0.0,
      "15": 0.0,
      "16": 0.0,
      "17": 0.0,
      "18": 0.0,
      "19": 0.0,
      "2": 0.5999999999999999,
      "3": 0.3999999999999999,
      "4": 0.19999999999999996,
      "5": 0.0,
      "6": 0.0,
      "7": 0.0,
      "8": 0.0,
      "9": 0.0
    },
    "1": {
      "0": 0.0,
      "1": 0.1111111111111111,
      "10": 1.0,
      "11": 0.888888888888889,
      "12": 0.7777777777777779,
      "13": 0.6666666666666667,
      "14": 0.5555555555555556,
      "15": 0.44444444444444453,
      "16": 0.3333333333333335,
      "17": 0.22222222222222232,
      "18": 0.0,
      "19": 0.0,
      "2": 0.2222222222222222,
      "3": 0.3333333333333333,
      "4": 0.4444444444444445,
      "5": 0.5555555555555556,
      "6": 0.6666666666666667,
      "7": 0.7777777777777777,
      "8": 0.8888888888888888,
      "9": 1.0
    },
    "2": {
      "0": 0.0,
      "1": 0.0,
      "10": 0.0,
      "11": 0.0,
      "12": 0.0,
      "13": 0.0,
      "14": 0.0,
      "15": 0.0,
      "16": 0.0,
      "17": 0.0,
      "18": 0.0,
      "19": 0.0,
      "2": 0.0,
      "3": 0.0,
      "4": 0.0,
      "5": 0.0,
      "6": 0.0,
      "7": 0.0,
      "8": 0.0,
      "9": 0.0
    }
  }
}