{
  "name": "Itex",
  "objective_weights": {
    "0": 0.3229356917969803,
    "1": 0.14064468440843098,
    "2": 0.22458839302513572,
    "3": 0.3118312307694531,
    "4": 0.0,
    "5": 0.0
  },
  "reserved_value": -0.03864871609160703,
  "value_weights": {
    "0": {
      "0": 1.0,
      "1": 0.6551724137931034,
      "2": 0.31034482758620685,
      "3": 0.13793103448275862,
      "4": 0.0
    },
    "1": {
      "0": 0.0,
      "1": 1.0,
      "2": 0.4736842105263158,
      "3": 0.2105263157894737,
      "4": 0.0
    },
    "2": {
      "0": 0.37500000000000006,
      "1": 1.0,
      "2": 0.0,
      "3": 0.0,
      "4": 0.0
    },
    "3": {
      "0": 0.0,
      "1": 1.0,
      "2": 0.13793103448275862,
      "3": 0.0,
      "4": 0.0
    },
    "4": {
      "0": 0.0,
      "1": 0.0,
      "2": 0.0,
      "3": 0.0,
      "4": 0.0
    },
    "5": {
      "0": 0.0,
      "1": 0.0,
      "2": 0.0,
      "3": 0.0,
      "4": 0.0
    }
  }
}