{
  "name": "0_First0",
  "objective_weights": {
    "0": 0.45547121308953054,
    "1": 0.30613898624218405,
    "2": 0.23838980066828547
  },
  "reserved_value": 0.48313676119561233,
  "value_weights": {
    "0": {
      "0": 0.0,
      "1": 0.016147839258788974,
      "2": 1.0,
      "3": 0.9820476171220934,
      "4": 0.0012487589174048908,
      "5": 0.7490393498895281,
      "6": 0.9977748144009272,
      "7": 0.6867101712563776,
      "8": 0.23164487734573266,
      "9": 0.1352397509126602
    },
    "1": {
      "0": 0.42505995106582406,
      "1": 0.9551412598602921,
      "2": 0.7246090042149873,
      "3": 0.7249853413052956,
      "4": 0.9628906576983717,
      "5": 0.8646220676631016,
      "6": 0.7092101331902088,
      "7": 0.4869208601328645,
      "8": 0.1716197493461387
    },
    "2": {
      "0": 0.21281247618297897,
      "1": 0.3617962120114747,
      "10": 0.2483875071028195,
      "2": 0.45744858423826895,
      "3": 0.14729059969111055,
      "4": 0.45744858423826895,
      "5": 1.0,
      "6": 0.0,
      "7": 0.7429617057710389,
      "8": 0.0,
      "9": 0.0
    }
  }
}