{
  "name": "1_Second1",
  "objective_weights": {
    "0": 0.45547121308953054,
    "1": 0.30613898624218405,
    "2": 0.23838980066828547
  },
  "reserved_value": -0.6748635875049547,
  "value_weights": {
    "0": {
      "0": 0.9766452426072008,
      "1": 0.9147871757810109,
      "2": 0.18060826678327485,
      "3": 0.19987688998138572,
      "4": 0.9275023574138321,
      "5": 0.36229517874458805,
      "6": 0.18904481185891195,
      "7": 0.4064334603477511,
      "8": 0.7416503538579226,
      "9": 0.817179861036156
    },
    "1": {
      "0": 0.8857172547113432,
      "1": 0.29184705147951684,
      "2": 0.6129379888995016,
      "3": 0.6124956644546687,
      "4": 0.27926224035395986,
      "5": 0.430090576947769,
      "6": 0.6308139796305451,
      "7": 0.8419053750971011,
      "8": 1.0
    },
    "2": {
      "0": 0.46116525126586283,
      "1": 0.19945520582263052,
      "10": 0.398672906669312,
      "2": 0.03142890051475115,
      "3": 0.5762632730657226,
      "4": 0.03142890051475115,
      "5": 0.0,
      "6": 1.0,
      "7": 0.0,
      "8": 0.8523497917474445,
      "9": 1.0
    }
  }
}