{
  "distribution": null,
  "kalai": {
    "outcome": [
      "403_661"
    ],
    "utility": [
      [
        0.8922287958672606,
        0.7289852080841076
      ]
    ]
  },
  "load_path": null,
  "name": "0001065S1031",
  "nash": {
    "outcome": [
      "822_242"
    ],
    "utility": [
      [
        1.0,
        0.7193889171936434
      ]
    ]
  },
  "opposition": 0.2801475585879921,
  "pareto_front": [
    {
      "outcome": [
        "822_242"
      ],
      "utility": [
        1.0,
        0.7193889171936434
      ]
    },
    {
      "outcome": [
        "269_795"
      ],
      "utility": [
        0.9580587048245626,
        0.7230097793390183
      ]
    },
    {
      "outcome": [
        "403_661"
      ],
      "utility": [
        0.8922287958672606,
        0.7289852080841076
      ]
    }
  ],
  "size": 1065,
  "social_welfare": {
    "outcome": [
      "822_242"
    ],
    "utility": [
      [
        1.0,
        0.7193889171936434
      ]
    ]
  },
  "src_path": "environment/scenarios/training_src/anac2024/0001065S1031"
}