{
  "name": "seller",
  "objective_weights": {
    "0": 0.08,
    "1": 0.09,
    "2": 0.33,
    "3": 0.26,
    "4": 0.17,
    "5": 0.07
  },
  "reserved_value": 0.0,
  "value_weights": {
    "0": {
      "0": 0.0,
      "1": 0.29067733066733314,
      "2": 1.0,
      "3": 1.0,
      "4": 0.04073981504623836
    },
    "1": {
      "0": 0.09072731817045732,
      "1": 1.0,
      "2": 0.5406148462884279,
      "3": 0.0,
      "4": 0.0
    },
    "2": {
      "0": 1.0,
      "1": 0.5656085978505374,
      "2": 0.0,
      "3": 0.0,
      "4": 0.0
    },
    "3": {
      "0": 0.1907023244188952,
      "1": 0.7405648587853038,
      "2": 0.04073981504623836,
      "3": 0.0,
      "4": 0.0
    },
    "4": {
      "0": 0.04073981504623836,
      "1": 0.44063984003998996,
      "2": 0.0,
      "3": 0.09072731817045732,
      "4": 0.14071482129467627
    },
    "5": {
      "0": 0.1157210697325668,
      "1": 0.01574606348412888,
      "2": 0.04073981504623836,
      "3": 0.0,
      "4": 0.0
    }
  }
}