{
  "name": "buyer",
  "objective_weights": {
    "0": 0.34697458751077104,
    "1": 0.4241848030454818,
    "2": 0.22884060944374718
  },
  "reserved_value": 0.026311486483530322,
  "value_weights": {
    "0": {
      "0": 1.0,
      "1": 0.75,
      "10": 0.0,
      "11": 0.0,
      "12": 0.0,
      "13": 0.0,
      "14": 0.0,
      "15": 0.0,
      "16": 0.0,
      "17": 0.0,
      "18": 0.0,
      "19": 0.0,
      "2": 0.5,
      "3": 0.25,
      "4": 0.0,
      "5": 0.0,
      "6": 0.0,
      "7": 0.0,
      "8": 0.0,
      "9": 0.0
    },
    "1": {
      "0": 0.0,
      "1": 0.2,
      "10": 0.4285714285714286,
      "11": 0.2857142857142857,
      "12": 0.0,
      "13": 0.0,
      "14": 0.0,
      "15": 0.0,
      "16": 0.0,
      "17": 0.0,
      "18": 0.0,
      "19": 0.0,
      "2": 0.39999999999999997,
      "3": 0.6000000000000001,
      "4": 0.8,
      "5": 1.0,
      "6": 1.0,
      "7": 0.8571428571428571,
      "8": 0.7142857142857142,
      "9": 0.5714285714285714
    },
    "2": {
      "0": 0.5184992043752775,
      "1": 0.5616941775562678,
      "10": 0.0,
      "11": 0.0,
      "12": 0.0,
      "13": 0.0,
      "14": 0.0,
      "15": 0.0,
      "16": 0.0,
      "17": 0.0,
      "18": 0.0,
      "19": 0.0,
      "2": 1.0,
      "3": 0.0,
      "4": 0.0,
      "5": 0.0,
      "6": 0.0,
      "7": 0.0,
      "8": 0.0,
      "9": 0.0
    }
  }
}