{
  "name": "buyer",
  "objective_weights": {
    "0": 0.24479476424821028,
    "1": 0.7552052357517897,
    "2": 0.0
  },
  "reserved_value": 0.0016409754132388989,
  "value_weights": {
    "0": {
      "0": 1.0,
      "1": 0.8333333333333335,
      "10": 0.0,
      "11": 0.0,
      "12": 0.0,
      "13": 0.0,
      "14": 0.0,
      "15": 0.0,
      "16": 0.0,
      "17": 0.0,
      "18": 0.0,
      "19": 0.0,
      "2": 0.6666666666666667,
      "3": 0.5000000000000001,
      "4": 0.3333333333333335,
      "5": 0.16666666666666674,
      "6": 2.220446049250313e-16,
      "7": 0.0,
      "8": 0.0,
      "9": 0.0
    },
    "1": {
      "0": 0.0,
      "1": 0.07692307692307693,
      "10": 0.7692307692307692,
      "11": 0.8461538461538463,
      "12": 0.9230769230769231,
      "13": 1.0,
      "14": 1.0,
      "15": 0.6666666666666666,
      "16": 0.0,
      "17": 0.0,
      "18": 0.0,
      "19": 0.0,
      "2": 0.15384615384615385,
      "3": 0.23076923076923078,
      "4": 0.3076923076923077,
      "5": 0.38461538461538464,
      "6": 0.4615384615384615,
      "7": 0.5384615384615385,
      "8": 0.6153846153846154,
      "9": 0.6923076923076923
    },
    "2": {
      "0": 0.0,
      "1": 0.0,
      "10": 0.0,
      "11": 0.0,
      "12": 0.0,
      "13": 0.0,
      "14": 0.0,
      "15": 0.0,
      "16": 0.0,
      "17": 0.0,
      "18": 0.0,
      "19": 0.0,
      "2": 0.0,
      "3": 0.0,
      "4": 0.0,
      "5": 0.0,
      "6": 0.0,
      "7": 0.0,
      "8": 0.0,
      "9": 0.0
    }
  }
}