{
  "name": "prof1",
  "objective_weights": {
    "0": 0.44518951449149124,
    "1": 0.37806293184307915,
    "2": 0.1767475536654296
  },
  "reserved_value": 0.0,
  "value_weights": {
    "0": {
      "0": 0.07633969794849538,
      "1": 0.48685538774916415,
      "2": 1.0
    },
    "1": {
      "0": 1.0,
      "1": 0.48685538774916415,
      "2": 0.0
    },
    "2": {
      "0": 1.0,
      "1": 0.0,
      "2": 0.48685538774916415
    }
  }
}