{
  "name": "0_First0",
  "objective_weights": {
    "0": 0.002450349652700764,
    "1": 0.6058902945982181,
    "2": 0.3916593557490811
  },
  "reserved_value": 0.42686628105489466,
  "value_weights": {
    "0": {
      "0": 0.7377276625144658,
      "1": 1.0,
      "2": 0.0,
      "3": 0.5723472340237887,
      "4": 0.7634590433012161,
      "5": 0.0,
      "6": 1.0,
      "7": 0.1176874778884516,
      "8": 0.09783434812912342
    },
    "1": {
      "0": 0.07905737702008264,
      "1": 0.07121985139421957,
      "2": 0.7334971851968861,
      "3": 0.44470446218818793,
      "4": 0.7237539960790419,
      "5": 0.7904862121137732,
      "6": 0.7874372266223291,
      "7": 0.3876353685860774,
      "8": 0.8118966754322928
    },
    "2": {
      "0": 1.0,
      "1": 0.0,
      "10": 0.7048576239961051,
      "2": 0.7634041935619448,
      "3": 0.1640344305176515,
      "4": 0.004733323876825249,
      "5": 1.0,
      "6": 1.0,
      "7": 0.18428783590156952,
      "8": 0.4862342802164594,
      "9": 0.0
    }
  }
}