{
  "name": "1_Second1",
  "objective_weights": {
    "0": 0.002450349652700764,
    "1": 0.6058902945982181,
    "2": 0.3916593557490811
  },
  "reserved_value": -0.5713055110845,
  "value_weights": {
    "0": {
      "0": 0.14022016698899614,
      "1": 0.0,
      "2": 1.0,
      "3": 0.3900220066171565,
      "4": 0.10135374056015606,
      "5": 1.0,
      "6": 0.0,
      "7": 1.0,
      "8": 1.0
    },
    "1": {
      "0": 0.7207730233624297,
      "1": 0.7268594317565602,
      "2": 0.4681903757860542,
      "3": 0.5469500564063405,
      "4": 0.4704662212036224,
      "5": 0.4552818401825525,
      "6": 0.45595577921934566,
      "7": 0.566270546791571,
      "8": 0.45059971755452205
    },
    "2": {
      "0": 0.0,
      "1": 1.0,
      "10": 0.18986930724985757,
      "2": 0.1014365893343317,
      "3": 1.0,
      "4": 1.0,
      "5": 0.0,
      "6": 0.0,
      "7": 0.9761732968309911,
      "8": 0.5200928648995096,
      "9": 1.0
    }
  }
}