{
  "name": "buyer",
  "objective_weights": {
    "0": 0.18368616064304802,
    "1": 0.1776474311870147,
    "2": 0.6386664081699374
  },
  "reserved_value": 0.057078662320807765,
  "value_weights": {
    "0": {
      "0": 1.0,
      "1": 0.8333333333333335,
      "10": 0.0,
      "11": 0.0,
      "12": 0.0,
      "13": 0.0,
      "14": 0.0,
      "15": 0.0,
      "16": 0.0,
      "17": 0.0,
      "18": 0.0,
      "19": 0.0,
      "2": 0.6666666666666667,
      "3": 0.5000000000000001,
      "4": 0.3333333333333335,
      "5": 0.16666666666666674,
      "6": 2.220446049250313e-16,
      "7": 0.0,
      "8": 0.0,
      "9": 0.0
    },
    "1": {
      "0": 0.0,
      "1": 0.3333333333333333,
      "10": 0.6,
      "11": 0.5333333333333333,
      "12": 0.4666666666666667,
      "13": 0.4,
      "14": 0.33333333333333337,
      "15": 0.2666666666666666,
      "16": 0.19999999999999996,
      "17": 0.1333333333333333,
      "18": 0.0,
      "19": 0.0,
      "2": 0.6666666666666667,
      "3": 1.0,
      "4": 1.0,
      "5": 0.9333333333333333,
      "6": 0.8666666666666667,
      "7": 0.8,
      "8": 0.7333333333333334,
      "9": 0.6666666666666666
    },
    "2": {
      "0": 1.0,
      "1": 0.2543206318081603,
      "10": 0.0,
      "11": 0.0,
      "12": 0.0,
      "13": 0.0,
      "14": 0.0,
      "15": 0.0,
      "16": 0.0,
      "17": 0.0,
      "18": 0.0,
      "19": 0.0,
      "2": 0.2965244414908011,
      "3": 0.0,
      "4": 0.0,
      "5": 0.0,
      "6": 0.0,
      "7": 0.0,
      "8": 0.0,
      "9": 0.0
    }
  }
}