{
  "name": "0_First0",
  "objective_weights": {
    "0": 0.5835626251017313,
    "1": 0.10331631731424847,
    "2": 0.3131210575840203
  },
  "reserved_value": 0.3777010870381371,
  "value_weights": {
    "0": {
      "0": 0.7560388640357217,
      "1": 0.8413338802627564,
      "2": 0.12462929652868018,
      "3": 0.894125708313363,
      "4": 0.9694181269380867,
      "5": 0.0335736501422941,
      "6": 0.6879897215914814,
      "7": 0.44517529911509596,
      "8": 0.22189423199700667
    },
    "1": {
      "0": 0.3084824463336555,
      "1": 0.22460018714677557,
      "10": 0.33736781499725466,
      "2": 0.4397835078876622,
      "3": 0.4977428404537845,
      "4": 0.08790116828812067,
      "5": 0.9947422945098329,
      "6": 0.6717143846222037,
      "7": 0.8552008259990734,
      "8": 0.1631080581917304,
      "9": 0.0
    },
    "2": {
      "0": 0.2510498929312871,
      "1": 0.0,
      "2": 0.9357819222561979,
      "3": 0.35079753759582316,
      "4": 0.5162058415973002,
      "5": 0.0,
      "6": 0.3266298439376869,
      "7": 0.9197753109056178,
      "8": 0.5435372826561451,
      "9": 1.0
    }
  }
}