{
  "name": "1_Second1",
  "objective_weights": {
    "0": 0.5835626251017313,
    "1": 0.10331631731424847,
    "2": 0.3131210575840203
  },
  "reserved_value": -0.7096758270084523,
  "value_weights": {
    "0": {
      "0": 0.3863333749286318,
      "1": 0.36672166523047417,
      "2": 0.6413367322822062,
      "3": 0.3553293178103912,
      "4": 0.3399386542975152,
      "5": 0.738684192635776,
      "6": 0.4032173138438329,
      "7": 0.47606893373283504,
      "8": 0.5753126875281923
    },
    "1": {
      "0": 0.8233611559647064,
      "1": 0.9020134661747335,
      "10": 0.7981964244478928,
      "2": 0.714993439671387,
      "3": 0.6713031592496385,
      "4": 1.0,
      "5": 0.3577957691292462,
      "6": 0.5510938236645336,
      "7": 0.4374975686644305,
      "8": 0.9666276999055518,
      "9": 1.0
    },
    "2": {
      "0": 0.8096881656698843,
      "1": 1.0,
      "2": 0.0,
      "3": 0.6168708119897924,
      "4": 0.29712800942498824,
      "5": 1.0,
      "6": 0.6635882132014698,
      "7": 0.0,
      "8": 0.24429492093499472,
      "9": 0.0
    }
  }
}