{
  "name": "buyer",
  "objective_weights": {
    "0": 0.22375973608262106,
    "1": 0.7762402639173789,
    "2": 0.0
  },
  "reserved_value": 0.05441794684653119,
  "value_weights": {
    "0": {
      "0": 1.0,
      "1": 0.75,
      "10": 0.0,
      "11": 0.0,
      "12": 0.0,
      "13": 0.0,
      "14": 0.0,
      "15": 0.0,
      "16": 0.0,
      "17": 0.0,
      "18": 0.0,
      "19": 0.0,
      "2": 0.5,
      "3": 0.25,
      "4": 0.0,
      "5": 0.0,
      "6": 0.0,
      "7": 0.0,
      "8": 0.0,
      "9": 0.0
    },
    "1": {
      "0": 0.0,
      "1": 0.125,
      "10": 0.909090909090909,
      "11": 0.8181818181818181,
      "12": 0.7272727272727272,
      "13": 0.6363636363636362,
      "14": 0.5454545454545454,
      "15": 0.4545454545454545,
      "16": 0.36363636363636354,
      "17": 0.2727272727272726,
      "18": 0.18181818181818166,
      "19": 0.0,
      "2": 0.25,
      "3": 0.375,
      "4": 0.5,
      "5": 0.625,
      "6": 0.75,
      "7": 0.875,
      "8": 1.0,
      "9": 0.9999999999999999
    },
    "2": {
      "0": 0.0,
      "1": 0.0,
      "10": 0.0,
      "11": 0.0,
      "12": 0.0,
      "13": 0.0,
      "14": 0.0,
      "15": 0.0,
      "16": 0.0,
      "17": 0.0,
      "18": 0.0,
      "19": 0.0,
      "2": 0.0,
      "3": 0.0,
      "4": 0.0,
      "5": 0.0,
      "6": 0.0,
      "7": 0.0,
      "8": 0.0,
      "9": 0.0
    }
  }
}