{
  "name": "0_First0",
  "objective_weights": {
    "0": 0.6509097832512588,
    "1": 0.1337987404656426,
    "2": 0.21529147628309872
  },
  "reserved_value": 0.3587182195899776,
  "value_weights": {
    "0": {
      "0": 0.24163403964208122,
      "1": 0.31919368055546893,
      "2": 1.0,
      "3": 0.562435838599791,
      "4": 0.0,
      "5": 0.5622839837652813,
      "6": 0.04391746674548469,
      "7": 0.8615434118657987,
      "8": 0.0
    },
    "1": {
      "0": 0.32563485653055513,
      "1": 0.05791324195682407,
      "10": 0.9512011898796254,
      "2": 0.9283763193082245,
      "3": 0.004151060280492846,
      "4": 0.6078604620497218,
      "5": 0.1658281571193002,
      "6": 0.8060033128814729,
      "7": 0.28135032162399587,
      "8": 0.6274212777130002,
      "9": 0.5477461926196
    },
    "2": {
      "0": 0.1532484720661321,
      "1": 0.10682066595277578,
      "10": 0.6875802168326888,
      "2": 0.5646107777877987,
      "3": 0.9965719200403774,
      "4": 0.8645129741432803,
      "5": 0.24280684067812883,
      "6": 0.6209400021552604,
      "7": 0.7200433675961488,
      "8": 0.7388220533138791,
      "9": 0.753640605612956
    }
  }
}