{
  "name": "1_Second1",
  "objective_weights": {
    "0": 0.6509097832512588,
    "1": 0.1337987404656426,
    "2": 0.21529147628309872
  },
  "reserved_value": -0.24734041973764276,
  "value_weights": {
    "0": {
      "0": 0.7224688833982579,
      "1": 0.6242783888385895,
      "2": 0.0,
      "3": 0.31633385074042136,
      "4": 1.0,
      "5": 0.31652609893969325,
      "6": 0.9727780370602682,
      "7": 0.0,
      "8": 1.0
    },
    "1": {
      "0": 1.0,
      "1": 1.0,
      "10": 0.558175953427581,
      "2": 0.6070067432441935,
      "3": 1.0,
      "4": 0.9902668164388763,
      "5": 1.0,
      "6": 0.8117442115389809,
      "7": 1.0,
      "8": 0.9788856311043482,
      "9": 1.0
    },
    "2": {
      "0": 0.6962398207889796,
      "1": 0.7295973291808215,
      "10": 0.4870366010044468,
      "2": 0.5218914986059549,
      "3": 0.4142653357484085,
      "4": 0.44328106422580227,
      "5": 0.6449590968649783,
      "6": 0.5053828376371972,
      "7": 0.47850868741312336,
      "8": 0.4736873626088065,
      "9": 0.4699378579799377
    }
  }
}