{
  "name": "1_Second1",
  "objective_weights": {
    "0": 0.0015282300134762112,
    "1": 0.6378979416368011,
    "2": 0.3605738283497227
  },
  "reserved_value": 0.2719831456152063,
  "value_weights": {
    "0": {
      "0": 0.2548582371622368,
      "1": 0.0,
      "10": 0.7164842505271859,
      "2": 0.2548582371622368,
      "3": 0.4856712438447114,
      "4": 0.858242125263593,
      "5": 1.0,
      "6": 0.0849527457207456,
      "7": 1.0,
      "8": 0.7164842505271859,
      "9": 0.16779797362567178
    },
    "1": {
      "0": 0.29559725459828207,
      "1": 0.0,
      "2": 0.47692752764673046,
      "3": 1.0,
      "4": 0.6582487776020145,
      "5": 0.5810094443127862,
      "6": 0.6582487776020145,
      "7": 0.5810094443127862,
      "8": 0.0,
      "9": 1.0
    },
    "2": {
      "0": 0.7297842607756724,
      "1": 1.0,
      "2": 0.37579884407165787,
      "3": 0.5946763911635085,
      "4": 1.0,
      "5": 0.1982254637211695,
      "6": 0.9046573128479123,
      "7": 0.5946763911635085,
      "8": 0.0
    }
  }
}