{
  "name": "0_First0",
  "objective_weights": {
    "0": 0.0015282300134762112,
    "1": 0.6378979416368011,
    "2": 0.3605738283497227
  },
  "reserved_value": 0.1050919943990496,
  "value_weights": {
    "0": {
      "0": 0.6405244485359001,
      "1": 1.0,
      "10": 0.4067496208369814,
      "2": 0.6405244485359001,
      "3": 0.5236370346864407,
      "4": 0.2033748104184907,
      "5": 0.0,
      "6": 0.8801748161786334,
      "7": 0.0,
      "8": 0.4067496208369814,
      "9": 0.7633222697634489
    },
    "1": {
      "0": 0.6202385154248317,
      "1": 1.0,
      "2": 0.5975913034383905,
      "3": 0.0,
      "4": 0.38052743007301376,
      "5": 0.5845920110915386,
      "6": 0.38052743007301376,
      "7": 0.5845920110915386,
      "8": 1.0,
      "9": 0.0
    },
    "2": {
      "0": 0.42316874917964603,
      "1": 0.0,
      "2": 0.7691864753203604,
      "3": 0.634753123769469,
      "4": 0.0,
      "5": 0.8782510412564897,
      "6": 0.1493104945751543,
      "7": 0.634753123769469,
      "8": 1.0
    }
  }
}