{
  "name": "1_Second1",
  "objective_weights": {
    "0": 0.14773647511647375,
    "1": 0.8232894641048502,
    "2": 0.02897406077867623
  },
  "reserved_value": 0.43438116302618296,
  "value_weights": {
    "0": {
      "0": 1.0,
      "1": 0.8056327016334703,
      "10": 0.0,
      "2": 1.0,
      "3": 0.3781938118379494,
      "4": 0.8056327016334703,
      "5": 0.36067478082976556,
      "6": 0.36067478082976556,
      "7": 0.3781938118379494,
      "8": 0.3694342963338575,
      "9": 0.9028163508167352
    },
    "1": {
      "0": 0.125,
      "1": 1.0,
      "2": 0.7087455613146824,
      "3": 0.7252000736558512,
      "4": 0.14085217533159422,
      "5": 0.4263980418300928,
      "6": 1.0,
      "7": 0.396356615717237,
      "8": 0.9139860927746258,
      "9": 0.0
    },
    "2": {
      "0": 0.40547424528025344,
      "1": 0.7174469786238091,
      "2": 1.0,
      "3": 0.40547424528025344,
      "4": 0.0,
      "5": 0.2519663073834355,
      "6": 0.7174469786238091,
      "7": 0.13515808176008448,
      "8": 1.0
    }
  }
}