{
  "name": "0_First0",
  "objective_weights": {
    "0": 0.14773647511647375,
    "1": 0.8232894641048502,
    "2": 0.02897406077867623
  },
  "reserved_value": 0.04380173799552605,
  "value_weights": {
    "0": {
      "0": 0.0,
      "1": 0.3939511849168952,
      "10": 1.0,
      "2": 0.0,
      "3": 0.5155219070253071,
      "4": 0.3939511849168952,
      "5": 0.7878649323138067,
      "6": 0.7878649323138067,
      "7": 0.5155219070253071,
      "8": 0.651693419669557,
      "9": 0.1969755924584476
    },
    "1": {
      "0": 0.875,
      "1": 0.0,
      "2": 0.29125443868531764,
      "3": 0.27479992634414885,
      "4": 0.8591478246684058,
      "5": 0.5736019581699072,
      "6": 0.0,
      "7": 0.603643384282763,
      "8": 0.08601390722537418,
      "9": 1.0
    },
    "2": {
      "0": 0.6066232728819576,
      "1": 0.3307718323862117,
      "2": 0.0,
      "3": 0.6066232728819576,
      "4": 1.0,
      "5": 0.7555512279848825,
      "6": 0.3307718323862117,
      "7": 0.8688744242939859,
      "8": 0.0
    }
  }
}