{
  "name": "1_Second1",
  "objective_weights": {
    "0": 0.3899506596325431,
    "1": 0.21881013979819147,
    "2": 0.39123920056926537
  },
  "reserved_value": -0.33637671388954477,
  "value_weights": {
    "0": {
      "0": 0.0,
      "1": 1.0,
      "2": 0.04676228515567701,
      "3": 0.7050821402044078,
      "4": 0.0,
      "5": 0.0,
      "6": 1.0,
      "7": 0.04676228515567701,
      "8": 0.36458903164988843
    },
    "1": {
      "0": 0.6477247177849115,
      "1": 0.8372998082748464,
      "2": 0.9016731479704061,
      "3": 0.6772576841236535,
      "4": 0.4682852711877719,
      "5": 0.7942835899734251,
      "6": 0.9454619467031147,
      "7": 0.9998658795144302,
      "8": 0.9985953448203124,
      "9": 0.607037230536166
    },
    "2": {
      "0": 0.672237953981601,
      "1": 0.9960445881881506,
      "2": 0.8379298177945176,
      "3": 0.4818719791807529,
      "4": 0.8315956209354427,
      "5": 0.9998332842915678,
      "6": 0.9084465465933582,
      "7": 0.5240359749495231,
      "8": 0.8249878748182775
    }
  }
}