{
  "name": "0_First0",
  "objective_weights": {
    "0": 0.3899506596325431,
    "1": 0.21881013979819147,
    "2": 0.39123920056926537
  },
  "reserved_value": 0.25066832914520537,
  "value_weights": {
    "0": {
      "0": 1.0,
      "1": 0.0,
      "2": 0.6508277979940357,
      "3": 0.194616108199869,
      "4": 0.7742557789893271,
      "5": 1.0,
      "6": 0.0,
      "7": 0.6508277979940357,
      "8": 0.4305757792102889
    },
    "1": {
      "0": 0.7830445978525084,
      "1": 0.5455893845348042,
      "2": 0.4306539560300112,
      "3": 0.7516845350564887,
      "4": 0.948739256303971,
      "5": 0.6089714218856541,
      "6": 0.32609901539104047,
      "7": 0.023878030223509566,
      "8": 0.056832520562946014,
      "9": 0.8240132705366241
    },
    "2": {
      "0": 0.6080436154188675,
      "1": 0.021715135402437347,
      "2": 0.37257646839464303,
      "3": 0.8343755474860357,
      "4": 0.3826927932545602,
      "5": 0.0,
      "6": 0.24940171567716393,
      "7": 0.7869189292147678,
      "8": 0.39311800729404484
    }
  }
}