{
  "name": "0_First0",
  "objective_weights": {
    "0": 0.4233135541870208,
    "1": 0.014311181981082551,
    "2": 0.5623752638318966
  },
  "reserved_value": 0.41113725341866986,
  "value_weights": {
    "0": {
      "0": 0.10123810149468793,
      "1": 0.9398910320991422,
      "2": 0.2607357131850782,
      "3": 0.43795009311284383,
      "4": 0.7858676458952693,
      "5": 0.03529074825744445,
      "6": 0.07415970199070253,
      "7": 0.445388742111464,
      "8": 0.790283283950272,
      "9": 0.10066740072549643
    },
    "1": {
      "0": 0.38212744523814063,
      "1": 0.2146851717842747,
      "10": 0.2056984480540721,
      "2": 0.8524049772628354,
      "3": 0.03075155697898479,
      "4": 0.1387084988567061,
      "5": 0.3529982803235026,
      "6": 0.554833069759489,
      "7": 0.6790229250727082,
      "8": 0.8373944427914594,
      "9": 0.4051618862334302
    },
    "2": {
      "0": 0.0,
      "1": 0.7910050287110238,
      "10": 0.9479668888236706,
      "2": 0.2544754582979385,
      "3": 0.2544754582979385,
      "4": 0.8534511241387814,
      "5": 0.11356434751931138,
      "6": 0.9845023402749448,
      "7": 0.7910050287110238,
      "8": 1.0,
      "9": 0.0
    }
  }
}