{
  "name": "1_Second1",
  "objective_weights": {
    "0": 0.4233135541870208,
    "1": 0.014311181981082551,
    "2": 0.5623752638318966
  },
  "reserved_value": -0.3062791956836902,
  "value_weights": {
    "0": {
      "0": 0.9316515590885905,
      "1": 0.41548995508792336,
      "2": 0.8267438168710515,
      "3": 0.7155374477818152,
      "4": 0.5058796481014535,
      "5": 0.9776936310373936,
      "6": 0.950260574805643,
      "7": 0.7109513366708705,
      "8": 0.5032709715592064,
      "9": 0.9320404012478463
    },
    "1": {
      "0": 0.4542621140831055,
      "1": 0.5031691741107814,
      "10": 0.5065229127964325,
      "2": 0.3748570382455697,
      "3": 0.6158447766353491,
      "4": 0.5356205180850094,
      "5": 0.46139242772989136,
      "6": 0.4190027927112618,
      "7": 0.39871271686938686,
      "8": 0.3767596963390895,
      "9": 0.44891604873185614
    },
    "2": {
      "0": 1.0,
      "1": 0.24152692157354602,
      "10": 0.0,
      "2": 0.5888201752000722,
      "3": 0.5888201752000722,
      "4": 0.10505959004623144,
      "5": 0.8076933030950801,
      "6": 0.0,
      "7": 0.24152692157354602,
      "8": 0.0,
      "9": 1.0
    }
  }
}