{
  "name": "1_Second1",
  "objective_weights": {
    "0": 0.20735760922697072,
    "1": 0.5123276917930092,
    "2": 0.2803146989800201
  },
  "reserved_value": 0.29620760693703324,
  "value_weights": {
    "0": {
      "0": 0.7133292351162603,
      "1": 0.8359404735883413,
      "2": 0.6388484947661792,
      "3": 0.4872003136728243,
      "4": 0.7211457925185685,
      "5": 0.7372971952494243,
      "6": 0.6994296107590585,
      "7": 0.6821022765497327,
      "8": 0.5525428888014787,
      "9": 0.7394933001740538
    },
    "1": {
      "0": 0.7349205988064806,
      "1": 0.3583006086256586,
      "2": 1.0,
      "3": 0.8889195296712893,
      "4": 0.7349205988064806,
      "5": 1.0,
      "6": 0.0,
      "7": 0.3583006086256586,
      "8": 0.5466106037160696
    },
    "2": {
      "0": 0.6548101374487116,
      "1": 1.0,
      "2": 1.0,
      "3": 0.0,
      "4": 0.03974287791977142,
      "5": 0.5512740172813786,
      "6": 0.2692681654497109,
      "7": 0.4638234448900113,
      "8": 0.7887357317968464
    }
  }
}