{
  "name": "0_First0",
  "objective_weights": {
    "0": 0.20735760922697072,
    "1": 0.5123276917930092,
    "2": 0.2803146989800201
  },
  "reserved_value": 0.2207725208897362,
  "value_weights": {
    "0": {
      "0": 0.40244682728097875,
      "1": 0.17684290123632504,
      "2": 0.5630745692992036,
      "3": 0.9371054346982901,
      "4": 0.3865597949697557,
      "5": 0.35434492766641945,
      "6": 0.4311661146156082,
      "7": 0.46779165023055463,
      "8": 0.7686759283705551,
      "9": 0.3500293231245992
    },
    "1": {
      "0": 0.4038207567668189,
      "1": 0.6215512862154581,
      "2": 0.0,
      "3": 0.17877906365939925,
      "4": 0.4038207567668189,
      "5": 0.0,
      "6": 1.0,
      "7": 0.6215512862154581,
      "8": 0.5126860214911385
    },
    "2": {
      "0": 0.306145929418097,
      "1": 0.0,
      "2": 0.0,
      "3": 1.0,
      "4": 0.8646368291031357,
      "5": 0.40015838091232486,
      "6": 0.6562242004887661,
      "7": 0.4795648979983285,
      "8": 0.18453934978056716
    }
  }
}