{
  "name": "seller",
  "objective_weights": {
    "0": 0.733549983208133,
    "1": 0.26645001679186703,
    "2": 0.0
  },
  "reserved_value": 0.1673688944194784,
  "value_weights": {
    "0": {
      "0": 0.0,
      "1": 0.25,
      "10": 0.0,
      "11": 0.0,
      "12": 0.0,
      "13": 0.0,
      "14": 0.0,
      "15": 0.0,
      "16": 0.0,
      "17": 0.0,
      "18": 0.0,
      "19": 0.0,
      "2": 0.5,
      "3": 0.75,
      "4": 1.0,
      "5": 0.0,
      "6": 0.0,
      "7": 0.0,
      "8": 0.0,
      "9": 0.0
    },
    "1": {
      "0": 0.0,
      "1": 0.09090909090909091,
      "10": 0.9090909090909091,
      "11": 0.9999999999999999,
      "12": 0.0,
      "13": 0.0,
      "14": 0.0,
      "15": 0.0,
      "16": 0.0,
      "17": 0.0,
      "18": 0.0,
      "19": 0.0,
      "2": 0.1818181818181818,
      "3": 0.2727272727272727,
      "4": 0.36363636363636365,
      "5": 0.4545454545454545,
      "6": 0.5454545454545454,
      "7": 0.6363636363636364,
      "8": 0.7272727272727273,
      "9": 0.8181818181818182
    },
    "2": {
      "0": 0.0,
      "1": 0.0,
      "10": 0.0,
      "11": 0.0,
      "12": 0.0,
      "13": 0.0,
      "14": 0.0,
      "15": 0.0,
      "16": 0.0,
      "17": 0.0,
      "18": 0.0,
      "19": 0.0,
      "2": 0.0,
      "3": 0.0,
      "4": 0.0,
      "5": 0.0,
      "6": 0.0,
      "7": 0.0,
      "8": 0.0,
      "9": 0.0
    }
  }
}