{
  "name": "buyer",
  "objective_weights": {
    "0": 0.6690038488655619,
    "1": 0.3309961511344381,
    "2": 0.0
  },
  "reserved_value": 0.009797289991411008,
  "value_weights": {
    "0": {
      "0": 1.0,
      "1": 0.75,
      "10": 0.0,
      "11": 0.0,
      "12": 0.0,
      "13": 0.0,
      "14": 0.0,
      "15": 0.0,
      "16": 0.0,
      "17": 0.0,
      "18": 0.0,
      "19": 0.0,
      "2": 0.5,
      "3": 0.25,
      "4": 0.0,
      "5": 0.0,
      "6": 0.0,
      "7": 0.0,
      "8": 0.0,
      "9": 0.0
    },
    "1": {
      "0": 0.0,
      "1": 0.3333333333333333,
      "10": 0.5,
      "11": 0.41666666666666663,
      "12": 0.33333333333333326,
      "13": 0.25,
      "14": 0.16666666666666663,
      "15": 0.0,
      "16": 0.0,
      "17": 0.0,
      "18": 0.0,
      "19": 0.0,
      "2": 0.6666666666666667,
      "3": 1.0,
      "4": 0.9999999999999999,
      "5": 0.9166666666666666,
      "6": 0.8333333333333333,
      "7": 0.75,
      "8": 0.6666666666666666,
      "9": 0.5833333333333333
    },
    "2": {
      "0": 0.0,
      "1": 0.0,
      "10": 0.0,
      "11": 0.0,
      "12": 0.0,
      "13": 0.0,
      "14": 0.0,
      "15": 0.0,
      "16": 0.0,
      "17": 0.0,
      "18": 0.0,
      "19": 0.0,
      "2": 0.0,
      "3": 0.0,
      "4": 0.0,
      "5": 0.0,
      "6": 0.0,
      "7": 0.0,
      "8": 0.0,
      "9": 0.0
    }
  }
}