{
  "name": "IS_prof",
  "objective_weights": {
    "0": 0.3,
    "1": 0.3,
    "2": 0.15,
    "3": 0.05,
    "4": 0.2,
    "5": 0.0
  },
  "reserved_value": 0.0,
  "value_weights": {
    "0": {
      "0": 1.0,
      "1": 0.7926829268292686,
      "2": 0.5487804878048783,
      "3": 0.5487804878048783,
      "4": 0.0
    },
    "1": {
      "0": 1.0,
      "1": 0.0,
      "2": 0.7926829268292686,
      "3": 0.0,
      "4": 0.0
    },
    "2": {
      "0": 0.0,
      "1": 1.0,
      "2": 0.0,
      "3": 0.3048780487804881,
      "4": 0.0
    },
    "3": {
      "0": 0.06097560975609784,
      "1": 0.06097560975609784,
      "2": 0.3048780487804881,
      "3": 0.0,
      "4": 0.0
    },
    "4": {
      "0": 1.0,
      "1": 0.3048780487804881,
      "2": 0.0,
      "3": 0.0,
      "4": 0.0
    },
    "5": {
      "0": 0.0,
      "1": 0.0,
      "2": 0.0,
      "3": 0.0,
      "4": 0.0
    }
  }
}