{
  "name": "BT_prof",
  "objective_weights": {
    "0": 0.5,
    "1": 0.04,
    "2": 0.2,
    "3": 0.06,
    "4": 0.2,
    "5": 0.0
  },
  "reserved_value": 0.0,
  "value_weights": {
    "0": {
      "0": 0.3660130718954244,
      "1": 0.3660130718954244,
      "2": 0.6928104575163392,
      "3": 1.0,
      "4": 0.0
    },
    "1": {
      "0": 0.0,
      "1": 0.039215686274509665,
      "2": 1.0,
      "3": 0.0,
      "4": 0.0
    },
    "2": {
      "0": 0.0,
      "1": 0.6928104575163392,
      "2": 0.0,
      "3": 1.0,
      "4": 0.0
    },
    "3": {
      "0": 0.6928104575163392,
      "1": 0.039215686274509665,
      "2": 0.3660130718954244,
      "3": 0.0,
      "4": 0.0
    },
    "4": {
      "0": 0.039215686274509665,
      "1": 1.0,
      "2": 0.0,
      "3": 0.0,
      "4": 0.0
    },
    "5": {
      "0": 0.0,
      "1": 0.0,
      "2": 0.0,
      "3": 0.0,
      "4": 0.0
    }
  }
}