{
  "name": "buyer",
  "objective_weights": {
    "0": 0.25653248950657587,
    "1": 0.36963789886006665,
    "2": 0.37382961163335754
  },
  "reserved_value": 0.08231711935570767,
  "value_weights": {
    "0": {
      "0": 1.0,
      "1": 0.7999999999999999,
      "10": 0.0,
      "11": 0.0,
      "12": 0.0,
      "13": 0.0,
      "14": 0.0,
      "15": 0.0,
      "16": 0.0,
      "17": 0.0,
      "18": 0.0,
      "19": 0.0,
      "2": 0.5999999999999999,
      "3": 0.3999999999999999,
      "4": 0.19999999999999996,
      "5": 0.0,
      "6": 0.0,
      "7": 0.0,
      "8": 0.0,
      "9": 0.0
    },
    "1": {
      "0": 0.0,
      "1": 0.08333333333333333,
      "10": 0.8333333333333333,
      "11": 0.9166666666666666,
      "12": 0.9999999999999999,
      "13": 1.0,
      "14": 0.7999999999999999,
      "15": 0.5999999999999999,
      "16": 0.3999999999999999,
      "17": 0.0,
      "18": 0.0,
      "19": 0.0,
      "2": 0.16666666666666669,
      "3": 0.25,
      "4": 0.33333333333333337,
      "5": 0.4166666666666667,
      "6": 0.5,
      "7": 0.5833333333333333,
      "8": 0.6666666666666666,
      "9": 0.75
    },
    "2": {
      "0": 0.963553979389672,
      "1": 0.8839850786604863,
      "10": 0.0,
      "11": 0.0,
      "12": 0.0,
      "13": 0.0,
      "14": 0.0,
      "15": 0.0,
      "16": 0.0,
      "17": 0.0,
      "18": 0.0,
      "19": 0.0,
      "2": 1.0,
      "3": 0.0,
      "4": 0.0,
      "5": 0.0,
      "6": 0.0,
      "7": 0.0,
      "8": 0.0,
      "9": 0.0
    }
  }
}