{
  "name": "1_Second1",
  "objective_weights": {
    "0": 0.17576995082328703,
    "1": 0.051036338247936415,
    "2": 0.7731937109287765
  },
  "reserved_value": 0.3549349108612265,
  "value_weights": {
    "0": {
      "0": 1.0,
      "1": 0.11111111111111116,
      "10": 0.23110636992267153,
      "2": 0.7462867297325764,
      "3": 0.548709255574154,
      "4": 0.0,
      "5": 0.3115621598936401,
      "6": 0.6603723886135022,
      "7": 1.0,
      "8": 0.8188303082036464,
      "9": 0.7169371337069723
    },
    "1": {
      "0": 0.4896978289600471,
      "1": 0.5498356672872444,
      "2": 0.37763361434648224,
      "3": 0.130012337508024,
      "4": 1.0,
      "5": 0.0,
      "6": 0.7970597533693682,
      "7": 0.125,
      "8": 0.7949586858331852,
      "9": 1.0
    },
    "2": {
      "0": 0.7263808558205103,
      "1": 0.6351744744273471,
      "10": 0.0,
      "2": 0.15879361860683677,
      "3": 0.4041206094805221,
      "4": 1.0,
      "5": 0.9035459367111529,
      "6": 0.6351744744273471,
      "7": 0.3739897033000038,
      "8": 1.0,
      "9": 0.7828601425009282
    }
  }
}