{
  "name": "0_First0",
  "objective_weights": {
    "0": 0.17576995082328703,
    "1": 0.051036338247936415,
    "2": 0.7731937109287765
  },
  "reserved_value": 0.030065504712406852,
  "value_weights": {
    "0": {
      "0": 0.0,
      "1": 0.8888888888888888,
      "10": 0.7688936300773285,
      "2": 0.25371327026742363,
      "3": 0.4512907444258461,
      "4": 1.0,
      "5": 0.6884378401063599,
      "6": 0.33962761138649783,
      "7": 0.0,
      "8": 0.18116969179635356,
      "9": 0.2830628662930277
    },
    "1": {
      "0": 0.5103021710399529,
      "1": 0.4501643327127556,
      "2": 0.6223663856535178,
      "3": 0.869987662491976,
      "4": 0.0,
      "5": 1.0,
      "6": 0.20294024663063182,
      "7": 0.875,
      "8": 0.20504131416681481,
      "9": 0.0
    },
    "2": {
      "0": 0.3337481445753173,
      "1": 0.4449975261004231,
      "10": 1.0,
      "2": 0.8612493815251058,
      "3": 0.646887670954181,
      "4": 0.0,
      "5": 0.11765026440652102,
      "6": 0.4449975261004231,
      "7": 0.6732154409517086,
      "8": 0.0,
      "9": 0.26485728829750627
    }
  }
}