{
  "name": "0_First0",
  "objective_weights": {
    "0": 0.0820111817407758,
    "1": 0.7980029475921765,
    "2": 0.11998587066704769
  },
  "reserved_value": 0.5339312451867664,
  "value_weights": {
    "0": {
      "0": 0.0,
      "1": 0.0,
      "2": 0.6829571882630164,
      "3": 0.8520897921930389,
      "4": 0.37218422293665676,
      "5": 0.9673862269037744,
      "6": 1.0,
      "7": 0.2547141527241685,
      "8": 0.2833600925009764,
      "9": 0.8902709711927965
    },
    "1": {
      "0": 0.9012345148177436,
      "1": 0.9724720635110049,
      "10": 0.04336288934184915,
      "2": 0.2768134129807244,
      "3": 0.5908983587052737,
      "4": 0.17085568352324534,
      "5": 0.10451715900899382,
      "6": 0.261711556228015,
      "7": 0.6650469670249792,
      "8": 0.5239652342993468,
      "9": 0.005611078364818942
    },
    "2": {
      "0": 0.7269452390992701,
      "1": 0.0,
      "2": 0.0,
      "3": 0.4586416851520299,
      "4": 0.9454710528566018,
      "5": 1.0,
      "6": 0.6189112277495761,
      "7": 0.6189112277495761,
      "8": 0.32273500504232117,
      "9": 0.04870387486063406
    }
  }
}