{
  "name": "1_Second1",
  "objective_weights": {
    "0": 0.0820111817407758,
    "1": 0.7980029475921765,
    "2": 0.11998587066704769
  },
  "reserved_value": -0.34236284030047215,
  "value_weights": {
    "0": {
      "0": 1.0,
      "1": 1.0,
      "2": 0.0,
      "3": 0.0,
      "4": 0.30684690037794105,
      "5": 0.0,
      "6": 0.0,
      "7": 0.513393953972479,
      "8": 0.4630259372713428,
      "9": 0.0
    },
    "1": {
      "0": 0.36303597459263215,
      "1": 0.25015516793842574,
      "10": 0.9983152458215139,
      "2": 0.9465984855026481,
      "3": 0.7408873953629393,
      "4": 0.9797030755069243,
      "5": 0.9920854799745449,
      "6": 0.9523653085860557,
      "7": 0.6670355876707965,
      "8": 0.7990055391608888,
      "9": 0.9999411126559665
    },
    "2": {
      "0": 0.0,
      "1": 1.0,
      "2": 1.0,
      "3": 0.2607222924908075,
      "4": 0.0,
      "5": 0.0,
      "6": 0.014218843849396853,
      "7": 0.014218843849396853,
      "8": 0.46975430691774034,
      "9": 0.891229389020604
    }
  }
}