{
  "name": "sam",
  "objective_weights": {
    "0": 0.2,
    "1": 0.05,
    "2": 0.5,
    "3": 0.15,
    "4": 0.1
  },
  "reserved_value": 0.0,
  "value_weights": {
    "0": {
      "0": 1.0,
      "1": 0.4444444444444444,
      "2": 0.11111111111111105,
      "3": 0.0,
      "4": 0.0
    },
    "1": {
      "0": 1.0,
      "1": 0.22222222222222215,
      "2": 0.0,
      "3": 0.11111111111111105,
      "4": 0.4444444444444444
    },
    "2": {
      "0": 0.11111111111111105,
      "1": 1.0,
      "2": 0.0,
      "3": 0.4444444444444444,
      "4": 0.0
    },
    "3": {
      "0": 0.0,
      "1": 1.0,
      "2": 0.11111111111111105,
      "3": 0.4444444444444444,
      "4": 0.0
    },
    "4": {
      "0": 0.0,
      "1": 0.22222222222222215,
      "2": 0.4444444444444444,
      "3": 1.0,
      "4": 0.11111111111111105
    }
  }
}