{
  "name": "0_First0",
  "objective_weights": {
    "0": 0.488253747358396,
    "1": 0.23732390687679272,
    "2": 0.2744223457648114
  },
  "reserved_value": 0.12393563449062256,
  "value_weights": {
    "0": {
      "0": 0.8446367371464003,
      "1": 0.0,
      "2": 0.0,
      "3": 0.13654244858604048,
      "4": 0.47391488253312203,
      "5": 0.875,
      "6": 0.10611779859100602,
      "7": 1.0,
      "8": 0.47910174961638724,
      "9": 0.5478644704552474
    },
    "1": {
      "0": 0.3717167990683344,
      "1": 0.5575751986025016,
      "2": 0.7260954791779406,
      "3": 0.0,
      "4": 0.7320292771138813,
      "5": 0.19390990998553848,
      "6": 0.0,
      "7": 0.8893937996506254,
      "8": 1.0,
      "9": 0.5575751986025016
    },
    "2": {
      "0": 1.0,
      "1": 0.12185582830956879,
      "2": 0.0,
      "3": 0.5679653246527482,
      "4": 0.0,
      "5": 0.875,
      "6": 0.763326425016471,
      "7": 0.2503614370301174,
      "8": 0.8501560727608923,
      "9": 0.5002828330434032
    }
  }
}