{
  "name": "1_Second1",
  "objective_weights": {
    "0": 0.488253747358396,
    "1": 0.23732390687679272,
    "2": 0.2744223457648114
  },
  "reserved_value": 0.17038447171570842,
  "value_weights": {
    "0": {
      "0": 0.1553632628535997,
      "1": 1.0,
      "2": 1.0,
      "3": 0.8634575514139595,
      "4": 0.5260851174668779,
      "5": 0.125,
      "6": 0.893882201408994,
      "7": 0.0,
      "8": 0.5208982503836128,
      "9": 0.45213552954475256
    },
    "1": {
      "0": 0.7169837683053826,
      "1": 0.5754756524580739,
      "2": 0.3562761001042334,
      "3": 1.0,
      "4": 0.34855782520654777,
      "5": 0.8523616577192661,
      "6": 1.0,
      "7": 0.1438689131145185,
      "8": 0.0,
      "9": 0.5754756524580739
    },
    "2": {
      "0": 0.0,
      "1": 0.8781441716904312,
      "2": 1.0,
      "3": 0.4320346753472518,
      "4": 1.0,
      "5": 0.125,
      "6": 0.23667357498352903,
      "7": 0.7496385629698826,
      "8": 0.14984392723910767,
      "9": 0.49971716695659685
    }
  }
}