{
  "name": "deal2",
  "objective_weights": {
    "0": 0.36,
    "1": 0.2,
    "2": 0.2,
    "3": 0.2,
    "4": 0.02,
    "5": 0.02
  },
  "reserved_value": 0.0,
  "value_weights": {
    "0": {
      "0": 0.0,
      "1": 0.85,
      "2": 0.91,
      "3": 0.98,
      "4": 1.0
    },
    "1": {
      "0": 0.0,
      "1": 0.8,
      "2": 0.96,
      "3": 0.93,
      "4": 1.0
    },
    "2": {
      "0": 0.0,
      "1": 0.8,
      "2": 0.91,
      "3": 0.99,
      "4": 1.0
    },
    "3": {
      "0": 0.0,
      "1": 0.8,
      "2": 0.9,
      "3": 0.98,
      "4": 1.0
    },
    "4": {
      "0": 0.0,
      "1": 0.8,
      "2": 0.9,
      "3": 0.9500000000000001,
      "4": 1.0
    },
    "5": {
      "0": 0.0,
      "1": 0.8,
      "2": 0.9,
      "3": 0.9500000000000001,
      "4": 1.0
    }
  }
}