{
  "name": "buyer",
  "objective_weights": {
    "0": 0.0045284890430120585,
    "1": 0.34962175344601104,
    "2": 0.645849757510977
  },
  "reserved_value": 0.09297705672161144,
  "value_weights": {
    "0": {
      "0": 1.0,
      "1": 0.75,
      "10": 0.0,
      "11": 0.0,
      "12": 0.0,
      "13": 0.0,
      "14": 0.0,
      "15": 0.0,
      "16": 0.0,
      "17": 0.0,
      "18": 0.0,
      "19": 0.0,
      "2": 0.5,
      "3": 0.25,
      "4": 0.0,
      "5": 0.0,
      "6": 0.0,
      "7": 0.0,
      "8": 0.0,
      "9": 0.0
    },
    "1": {
      "0": 0.0,
      "1": 0.07692307692307693,
      "10": 0.7692307692307692,
      "11": 0.8461538461538463,
      "12": 0.9230769230769231,
      "13": 1.0,
      "14": 1.0,
      "15": 0.6666666666666666,
      "16": 0.0,
      "17": 0.0,
      "18": 0.0,
      "19": 0.0,
      "2": 0.15384615384615385,
      "3": 0.23076923076923078,
      "4": 0.3076923076923077,
      "5": 0.38461538461538464,
      "6": 0.4615384615384615,
      "7": 0.5384615384615385,
      "8": 0.6153846153846154,
      "9": 0.6923076923076923
    },
    "2": {
      "0": 0.44024691872255683,
      "1": 1.0,
      "10": 0.0,
      "11": 0.0,
      "12": 0.0,
      "13": 0.0,
      "14": 0.0,
      "15": 0.0,
      "16": 0.0,
      "17": 0.0,
      "18": 0.0,
      "19": 0.0,
      "2": 0.20244792448767826,
      "3": 0.0,
      "4": 0.0,
      "5": 0.0,
      "6": 0.0,
      "7": 0.0,
      "8": 0.0,
      "9": 0.0
    }
  }
}