{
  "name": "seller",
  "objective_weights": {
    "0": 0.3574606614579695,
    "1": 0.3411597564495577,
    "2": 0.30137958209247273
  },
  "reserved_value": 0.047807103784116324,
  "value_weights": {
    "0": {
      "0": 0.0,
      "1": 0.25,
      "10": 0.0,
      "11": 0.0,
      "12": 0.0,
      "13": 0.0,
      "14": 0.0,
      "15": 0.0,
      "16": 0.0,
      "17": 0.0,
      "18": 0.0,
      "19": 0.0,
      "2": 0.5,
      "3": 0.75,
      "4": 1.0,
      "5": 0.0,
      "6": 0.0,
      "7": 0.0,
      "8": 0.0,
      "9": 0.0
    },
    "1": {
      "0": 0.0,
      "1": 0.06666666666666667,
      "10": 0.6666666666666666,
      "11": 0.7333333333333334,
      "12": 0.8,
      "13": 0.8666666666666667,
      "14": 0.9333333333333333,
      "15": 1.0,
      "16": 0.0,
      "17": 0.0,
      "18": 0.0,
      "19": 0.0,
      "2": 0.13333333333333336,
      "3": 0.2,
      "4": 0.26666666666666666,
      "5": 0.33333333333333337,
      "6": 0.4,
      "7": 0.4666666666666667,
      "8": 0.5333333333333333,
      "9": 0.6
    },
    "2": {
      "0": 1.0,
      "1": 0.566963526446133,
      "10": 0.0,
      "11": 0.0,
      "12": 0.0,
      "13": 0.0,
      "14": 0.0,
      "15": 0.0,
      "16": 0.0,
      "17": 0.0,
      "18": 0.0,
      "19": 0.0,
      "2": 0.483198781695006,
      "3": 0.0,
      "4": 0.0,
      "5": 0.0,
      "6": 0.0,
      "7": 0.0,
      "8": 0.0,
      "9": 0.0
    }
  }
}