{
  "name": "0_First0",
  "objective_weights": {
    "0": 0.04994230745326919,
    "1": 0.36920882607532635,
    "2": 0.5808488664714045
  },
  "reserved_value": 0.016299021073001164,
  "value_weights": {
    "0": {
      "0": 0.31540171646389364,
      "1": 0.5122389655210866,
      "2": 0.0,
      "3": 1.0,
      "4": 1.0,
      "5": 0.5122389655210866,
      "6": 0.0,
      "7": 0.31540171646389364,
      "8": 0.31540171646389364
    },
    "1": {
      "0": 0.15155078494310625,
      "1": 0.6368869879052854,
      "10": 0.7343033792075196,
      "2": 0.3565512849523612,
      "3": 0.4967191364288233,
      "4": 0.6368869879052854,
      "5": 0.0,
      "6": 1.0,
      "7": 0.8789623293017618,
      "8": 0.3565512849523612,
      "9": 0.15155078494310625
    },
    "2": {
      "0": 0.0,
      "1": 0.27929911285500686,
      "2": 0.8031062522065692,
      "3": 0.5585982257100137,
      "4": 0.7271458373918789,
      "5": 0.5585982257100137,
      "6": 0.7087048495961331,
      "7": 1.0,
      "8": 0.9117196451420028,
      "9": 0.0
    }
  }
}