{
  "name": "1_Second1",
  "objective_weights": {
    "0": 0.04994230745326919,
    "1": 0.36920882607532635,
    "2": 0.5808488664714045
  },
  "reserved_value": 0.05754202114106505,
  "value_weights": {
    "0": {
      "0": 0.7073217760933534,
      "1": 0.5417733705489678,
      "2": 1.0,
      "3": 0.0,
      "4": 0.0,
      "5": 0.5417733705489678,
      "6": 1.0,
      "7": 0.7073217760933534,
      "8": 0.7073217760933534
    },
    "1": {
      "0": 0.8655016951745889,
      "1": 0.1307967271159694,
      "10": 0.0957064254044536,
      "2": 0.6102550674851152,
      "3": 0.3705258973005423,
      "4": 0.1307967271159694,
      "5": 1.0,
      "6": 0.0,
      "7": 0.043598909038656486,
      "8": 0.6102550674851152,
      "9": 0.8655016951745889
    },
    "2": {
      "0": 1.0,
      "1": 0.7197152271843812,
      "2": 0.19601441157414634,
      "3": 0.4394304543687624,
      "4": 0.2716355838038028,
      "5": 0.4394304543687624,
      "6": 0.2899942133293145,
      "7": 0.0,
      "8": 0.08788609087375249,
      "9": 1.0
    }
  }
}