{
  "name": "buyer",
  "objective_weights": {
    "0": 0.4121499973206578,
    "1": 0.5878500026793422,
    "2": 0.0
  },
  "reserved_value": 0.03323167529019016,
  "value_weights": {
    "0": {
      "0": 1.0,
      "1": 0.75,
      "10": 0.0,
      "11": 0.0,
      "12": 0.0,
      "13": 0.0,
      "14": 0.0,
      "15": 0.0,
      "16": 0.0,
      "17": 0.0,
      "18": 0.0,
      "19": 0.0,
      "2": 0.5,
      "3": 0.25,
      "4": 0.0,
      "5": 0.0,
      "6": 0.0,
      "7": 0.0,
      "8": 0.0,
      "9": 0.0
    },
    "1": {
      "0": 0.0,
      "1": 0.1,
      "10": 1.0,
      "11": 1.0,
      "12": 0.888888888888889,
      "13": 0.7777777777777779,
      "14": 0.6666666666666667,
      "15": 0.5555555555555556,
      "16": 0.44444444444444453,
      "17": 0.3333333333333335,
      "18": 0.22222222222222232,
      "19": 0.0,
      "2": 0.19999999999999998,
      "3": 0.30000000000000004,
      "4": 0.4,
      "5": 0.5,
      "6": 0.6,
      "7": 0.7000000000000001,
      "8": 0.8,
      "9": 0.9
    },
    "2": {
      "0": 0.0,
      "1": 0.0,
      "10": 0.0,
      "11": 0.0,
      "12": 0.0,
      "13": 0.0,
      "14": 0.0,
      "15": 0.0,
      "16": 0.0,
      "17": 0.0,
      "18": 0.0,
      "19": 0.0,
      "2": 0.0,
      "3": 0.0,
      "4": 0.0,
      "5": 0.0,
      "6": 0.0,
      "7": 0.0,
      "8": 0.0,
      "9": 0.0
    }
  }
}