{
  "name": "buyer",
  "objective_weights": {
    "0": 0.7353994260512361,
    "1": 0.26460057394876396,
    "2": 0.0
  },
  "reserved_value": 0.026015319853976118,
  "value_weights": {
    "0": {
      "0": 1.0,
      "1": 0.75,
      "10": 0.0,
      "11": 0.0,
      "12": 0.0,
      "13": 0.0,
      "14": 0.0,
      "15": 0.0,
      "16": 0.0,
      "17": 0.0,
      "18": 0.0,
      "19": 0.0,
      "2": 0.5,
      "3": 0.25,
      "4": 0.0,
      "5": 0.0,
      "6": 0.0,
      "7": 0.0,
      "8": 0.0,
      "9": 0.0
    },
    "1": {
      "0": 0.0,
      "1": 0.14285714285714285,
      "10": 0.75,
      "11": 0.625,
      "12": 0.5,
      "13": 0.375,
      "14": 0.25,
      "15": 0.0,
      "16": 0.0,
      "17": 0.0,
      "18": 0.0,
      "19": 0.0,
      "2": 0.2857142857142857,
      "3": 0.42857142857142855,
      "4": 0.5714285714285714,
      "5": 0.7142857142857142,
      "6": 0.8571428571428572,
      "7": 1.0,
      "8": 1.0,
      "9": 0.875
    },
    "2": {
      "0": 0.0,
      "1": 0.0,
      "10": 0.0,
      "11": 0.0,
      "12": 0.0,
      "13": 0.0,
      "14": 0.0,
      "15": 0.0,
      "16": 0.0,
      "17": 0.0,
      "18": 0.0,
      "19": 0.0,
      "2": 0.0,
      "3": 0.0,
      "4": 0.0,
      "5": 0.0,
      "6": 0.0,
      "7": 0.0,
      "8": 0.0,
      "9": 0.0
    }
  }
}