{
  "name": "seller",
  "objective_weights": {
    "0": 0.24042901992026325,
    "1": 0.26463884677361194,
    "2": 0.4949321333061249
  },
  "reserved_value": 0.02094705505673058,
  "value_weights": {
    "0": {
      "0": 0.0,
      "1": 0.25,
      "10": 0.0,
      "11": 0.0,
      "12": 0.0,
      "13": 0.0,
      "14": 0.0,
      "15": 0.0,
      "16": 0.0,
      "17": 0.0,
      "18": 0.0,
      "19": 0.0,
      "2": 0.5,
      "3": 0.75,
      "4": 1.0,
      "5": 0.0,
      "6": 0.0,
      "7": 0.0,
      "8": 0.0,
      "9": 0.0
    },
    "1": {
      "0": 0.0,
      "1": 0.1111111111111111,
      "10": 0.0,
      "11": 0.0,
      "12": 0.0,
      "13": 0.0,
      "14": 0.0,
      "15": 0.0,
      "16": 0.0,
      "17": 0.0,
      "18": 0.0,
      "19": 0.0,
      "2": 0.2222222222222222,
      "3": 0.3333333333333333,
      "4": 0.4444444444444445,
      "5": 0.5555555555555556,
      "6": 0.6666666666666665,
      "7": 0.7777777777777777,
      "8": 0.8888888888888888,
      "9": 1.0
    },
    "2": {
      "0": 0.9917410621915572,
      "1": 0.38180143923841375,
      "10": 0.0,
      "11": 0.0,
      "12": 0.0,
      "13": 0.0,
      "14": 0.0,
      "15": 0.0,
      "16": 0.0,
      "17": 0.0,
      "18": 0.0,
      "19": 0.0,
      "2": 1.0,
      "3": 0.0,
      "4": 0.0,
      "5": 0.0,
      "6": 0.0,
      "7": 0.0,
      "8": 0.0,
      "9": 0.0
    }
  }
}