{
  "name": "buyer",
  "objective_weights": {
    "0": 0.3574871292513658,
    "1": 0.5814080307961655,
    "2": 0.06110483995246869
  },
  "reserved_value": 0.0863995729749617,
  "value_weights": {
    "0": {
      "0": 1.0,
      "1": 0.75,
      "10": 0.0,
      "11": 0.0,
      "12": 0.0,
      "13": 0.0,
      "14": 0.0,
      "15": 0.0,
      "16": 0.0,
      "17": 0.0,
      "18": 0.0,
      "19": 0.0,
      "2": 0.5,
      "3": 0.25,
      "4": 0.0,
      "5": 0.0,
      "6": 0.0,
      "7": 0.0,
      "8": 0.0,
      "9": 0.0
    },
    "1": {
      "0": 0.0,
      "1": 0.2,
      "10": 0.0,
      "11": 0.0,
      "12": 0.0,
      "13": 0.0,
      "14": 0.0,
      "15": 0.0,
      "16": 0.0,
      "17": 0.0,
      "18": 0.0,
      "19": 0.0,
      "2": 0.39999999999999997,
      "3": 0.6000000000000001,
      "4": 0.8,
      "5": 1.0,
      "6": 1.0,
      "7": 0.7999999999999999,
      "8": 0.5999999999999999,
      "9": 0.3999999999999999
    },
    "2": {
      "0": 0.10642925479085394,
      "1": 0.7749545101077769,
      "10": 0.0,
      "11": 0.0,
      "12": 0.0,
      "13": 0.0,
      "14": 0.0,
      "15": 0.0,
      "16": 0.0,
      "17": 0.0,
      "18": 0.0,
      "19": 0.0,
      "2": 1.0,
      "3": 0.0,
      "4": 0.0,
      "5": 0.0,
      "6": 0.0,
      "7": 0.0,
      "8": 0.0,
      "9": 0.0
    }
  }
}