{
  "name": "buyer",
  "objective_weights": {
    "0": 0.6150031802340543,
    "1": 0.38499681976594563,
    "2": 0.0
  },
  "reserved_value": 0.07419140568323,
  "value_weights": {
    "0": {
      "0": 1.0,
      "1": 0.7999999999999999,
      "10": 0.0,
      "11": 0.0,
      "12": 0.0,
      "13": 0.0,
      "14": 0.0,
      "15": 0.0,
      "16": 0.0,
      "17": 0.0,
      "18": 0.0,
      "19": 0.0,
      "2": 0.5999999999999999,
      "3": 0.3999999999999999,
      "4": 0.19999999999999996,
      "5": 0.0,
      "6": 0.0,
      "7": 0.0,
      "8": 0.0,
      "9": 0.0
    },
    "1": {
      "0": 0.0,
      "1": 0.3333333333333333,
      "10": 0.625,
      "11": 0.5625,
      "12": 0.5,
      "13": 0.4375,
      "14": 0.375,
      "15": 0.3125,
      "16": 0.25,
      "17": 0.1875,
      "18": 0.125,
      "19": 0.0,
      "2": 0.6666666666666667,
      "3": 1.0,
      "4": 1.0,
      "5": 0.9375,
      "6": 0.875,
      "7": 0.8125,
      "8": 0.75,
      "9": 0.6875
    },
    "2": {
      "0": 0.0,
      "1": 0.0,
      "10": 0.0,
      "11": 0.0,
      "12": 0.0,
      "13": 0.0,
      "14": 0.0,
      "15": 0.0,
      "16": 0.0,
      "17": 0.0,
      "18": 0.0,
      "19": 0.0,
      "2": 0.0,
      "3": 0.0,
      "4": 0.0,
      "5": 0.0,
      "6": 0.0,
      "7": 0.0,
      "8": 0.0,
      "9": 0.0
    }
  }
}