{
  "name": "prof2",
  "objective_weights": {
    "0": 0.37806293184307915,
    "1": 0.1767475536654296,
    "2": 0.44518951449149124,
    "3": 0.0,
    "4": 0.0,
    "5": 0.0
  },
  "reserved_value": 0.0,
  "value_weights": {
    "0": {
      "0": 0.47578041573968477,
      "1": 1.0,
      "2": 1.0,
      "3": 0.0,
      "4": 0.0
    },
    "1": {
      "0": 1.0,
      "1": 1.0,
      "2": 0.21278886152600796,
      "3": 0.0,
      "4": 0.0
    },
    "2": {
      "0": 0.0,
      "1": 0.0,
      "2": 0.0,
      "3": 0.0,
      "4": 0.0
    },
    "3": {
      "0": 0.0,
      "1": 0.0,
      "2": 0.0,
      "3": 0.0,
      "4": 0.0
    },
    "4": {
      "0": 0.0,
      "1": 0.0,
      "2": 0.0,
      "3": 0.0,
      "4": 0.0
    },
    "5": {
      "0": 0.0,
      "1": 0.0,
      "2": 0.0,
      "3": 0.0,
      "4": 0.0
    }
  }
}