{
  "name": "0_First0",
  "objective_weights": {
    "0": 0.08096315354901887,
    "1": 0.6295026731741182,
    "2": 0.28953417327686287
  },
  "reserved_value": 0.2772157540471484,
  "value_weights": {
    "0": {
      "0": 0.9039058264988761,
      "1": 0.0,
      "10": 0.0,
      "2": 0.8079512850195154,
      "3": 1.0,
      "4": 0.2638904692764069,
      "5": 0.4521330633202904,
      "6": 0.43232247896424253,
      "7": 0.05908958947240357,
      "8": 0.67272834723421,
      "9": 0.3402533682982784
    },
    "1": {
      "0": 1.0,
      "1": 0.0,
      "2": 0.8706245234927712,
      "3": 0.0,
      "4": 0.8105127259158627,
      "5": 0.18532895562451798,
      "6": 0.0,
      "7": 0.5899864517370143,
      "8": 0.44508291773143627
    },
    "2": {
      "0": 0.10532922129624804,
      "1": 0.06863506370271473,
      "2": 0.3740719627269814,
      "3": 0.9499655843467946,
      "4": 0.3358109709487708,
      "5": 0.9356156270480488,
      "6": 0.9163779887334389,
      "7": 0.14673389807132806,
      "8": 0.6445908206826008
    }
  }
}