{
  "name": "1_Second1",
  "objective_weights": {
    "0": 0.08096315354901887,
    "1": 0.6295026731741182,
    "2": 0.28953417327686287
  },
  "reserved_value": 0.42572421603720517,
  "value_weights": {
    "0": {
      "0": 0.0,
      "1": 1.0,
      "10": 1.0,
      "2": 0.07254191882415356,
      "3": 0.0,
      "4": 0.7487782739044135,
      "5": 0.5148035380226901,
      "6": 0.5394269568929608,
      "7": 1.0,
      "8": 0.24061626625952653,
      "9": 0.6538635750257957
    },
    "1": {
      "0": 0.0,
      "1": 1.0,
      "2": 0.0,
      "3": 1.0,
      "4": 0.06935819486282851,
      "5": 0.8464257245280702,
      "6": 1.0,
      "7": 0.3434596914877,
      "8": 0.5235664641843178
    },
    "2": {
      "0": 0.697962735918854,
      "1": 0.7262884850701592,
      "2": 0.5840593496538276,
      "3": 0.4699261082815845,
      "4": 0.595556256835031,
      "5": 0.4720127315738141,
      "6": 0.47484842145686673,
      "7": 0.6725614014560104,
      "8": 0.5207297073555817
    }
  }
}