{
  "name": "1_Second1",
  "objective_weights": {
    "0": 0.11010271407606831,
    "1": 0.5015595823663774,
    "2": 0.3883377035575542
  },
  "reserved_value": 0.2342917515911194,
  "value_weights": {
    "0": {
      "0": 1.0,
      "1": 0.5462122794691356,
      "10": 0.8687637834831792,
      "2": 0.8023608042703547,
      "3": 0.1789921013394455,
      "4": 1.0,
      "5": 0.6537294474738169,
      "6": 0.5462122794691356,
      "7": 0.1789921013394455,
      "8": 0.0,
      "9": 0.8687637834831792
    },
    "1": {
      "0": 1.0,
      "1": 0.11567727962919505,
      "2": 0.921028190621276,
      "3": 0.24246219214903098,
      "4": 0.4356517497400132,
      "5": 0.0,
      "6": 0.6496261526836844,
      "7": 0.125,
      "8": 0.611822283895993,
      "9": 1.0
    },
    "2": {
      "0": 1.0,
      "1": 0.6158791601319645,
      "2": 1.0,
      "3": 0.0,
      "4": 0.4002374404733724,
      "5": 0.125,
      "6": 0.16854251444179924,
      "7": 0.7544226629581584,
      "8": 0.5515446532960413,
      "9": 0.2474912425367981
    }
  }
}