{
  "name": "0_First0",
  "objective_weights": {
    "0": 0.11010271407606831,
    "1": 0.5015595823663774,
    "2": 0.3883377035575542
  },
  "reserved_value": 0.2652978324141748,
  "value_weights": {
    "0": {
      "0": 0.0,
      "1": 0.574949229480334,
      "10": 0.30038716334882465,
      "2": 0.356910660970361,
      "3": 0.7836697110890031,
      "4": 0.0,
      "5": 0.4834285407698309,
      "6": 0.574949229480334,
      "7": 0.7836697110890031,
      "8": 1.0,
      "9": 0.30038716334882465
    },
    "1": {
      "0": 0.0,
      "1": 0.884322720370805,
      "2": 0.07897180937872389,
      "3": 0.757537807850969,
      "4": 0.5643482502599868,
      "5": 1.0,
      "6": 0.3503738473163156,
      "7": 0.875,
      "8": 0.388177716104007,
      "9": 0.0
    },
    "2": {
      "0": 0.0,
      "1": 0.38412083986803547,
      "2": 0.0,
      "3": 1.0,
      "4": 0.5997625595266276,
      "5": 0.875,
      "6": 0.8314574855582008,
      "7": 0.24557733704184162,
      "8": 0.44845534670395876,
      "9": 0.7525087574632019
    }
  }
}