{
  "name": "1_Second1",
  "objective_weights": {
    "0": 0.33751323908997805,
    "1": 0.3674006724326381,
    "2": 0.2950860884773839
  },
  "reserved_value": 0.17369760875398335,
  "value_weights": {
    "0": {
      "0": 1.0,
      "1": 1.0,
      "10": 1.0,
      "2": 0.9218022050449839,
      "3": 0.99687371417053,
      "4": 0.5303889080543935,
      "5": 1.0,
      "6": 1.0,
      "7": 1.0,
      "8": 1.0,
      "9": 0.988331867861316
    },
    "1": {
      "0": 1.0,
      "1": 0.0,
      "2": 0.0,
      "3": 1.0,
      "4": 0.5751254900348104,
      "5": 0.0,
      "6": 0.0,
      "7": 0.6625391195848802,
      "8": 0.4093645832686994
    },
    "2": {
      "0": 0.29697901149367634,
      "1": 0.4915275497315481,
      "2": 0.43644801646446174,
      "3": 0.45335578587893566,
      "4": 0.2714999729229177,
      "5": 0.5145792876525732,
      "6": 0.26108544612086737,
      "7": 0.2689755215927423,
      "8": 0.3462976000142858
    }
  }
}