{
  "name": "0_First0",
  "objective_weights": {
    "0": 0.33751323908997805,
    "1": 0.3674006724326381,
    "2": 0.2950860884773839
  },
  "reserved_value": 0.48764223778199595,
  "value_weights": {
    "0": {
      "0": 0.13358472405497912,
      "1": 0.2546744633093644,
      "10": 0.005603789823291846,
      "2": 0.5018302242103541,
      "3": 0.40956204444080113,
      "4": 0.8787262801533858,
      "5": 0.22895609253760008,
      "6": 0.20344470778332807,
      "7": 0.2541870481226758,
      "8": 0.3819395094103314,
      "9": 0.4206444309830585
    },
    "1": {
      "0": 0.0,
      "1": 0.9317109311082895,
      "2": 0.7786074704650969,
      "3": 0.0,
      "4": 0.3389661996343005,
      "5": 0.8397168330570361,
      "6": 1.0,
      "7": 0.2871695432516618,
      "8": 0.43718727538223007
    },
    "2": {
      "0": 0.7219731986367078,
      "1": 0.05961840862769589,
      "2": 0.1444327893741691,
      "3": 0.1131410423350347,
      "4": 0.9264954242799851,
      "5": 0.03637990234932609,
      "6": 1.0,
      "7": 0.9492025148196833,
      "8": 0.4322493527910623
    }
  }
}